Feature,Average SHAP Value
Temperature(°C),300.3213887353649
Hour,240.09366899901468
Solar Radiation (MJ/m2),115.05221634457055
Seasons,54.48370829743651
Humidity(%),52.111218337976126
Functioning Day,50.69756302021519
Weekday,39.16649889223504
Rainfall(mm),36.42659070523656
Month,26.919357406346
Dew point temperature(°C),24.241643927158194
Visibility (10m),7.169517877984373
Holiday,5.549177624872795
Day,5.158681113907768
Wind speed (m/s),3.6564933090557994
Snowfall (cm),2.4863276465521054
